Time,Learning rate,Train loss,Validation loss,MAE_energy_U0
8.736518859863281,0.01,26.635325956344605,6.559489631652832,2.022935546875
14.933234691619873,0.01,5.092756152153015,4.439230632781983,1.74099609375
