Time,Learning rate,Train loss,Validation loss,MAE_energy_U0
7.443323850631714,0.01,10.362136268615723,5.411988258361816,1.8184189453125
10.916992664337158,0.01,3.195026969909668,2.3623117923736574,1.235232421875
