Time,Learning rate,Train loss,Validation loss,MAE_energy_U0
9.930294752120972,0.01,30.876217126846313,8.776692771911621,2.3801796875
15.526199102401733,0.01,7.023210668563843,3.354227066040039,1.4744560546875
