{"graph": {"_type": "graph-file", "path": "media/graph/graph_summary_b50a7fff.graph.json", "sha256": "b50a7fffb8eeb03873226734c593ddb15edbdc7a1a567a6e73de8d3add6e05df", "size": 1369}, "val_loss": 0.37895500659942627, "loss": 0.3540000319480896, "epoch": 7, "_runtime": 26.939736366271973, "_step": 7, "accuracy": 0.8663425445556641, "val_accuracy": 0.8626999855041504, "_timestamp": 1599465768.5192413, "best_val_loss": 0.37895500659942627, "best_epoch": 7}
