Time,Learning rate,Train loss,Validation loss,MAE_energy_U0
8.272300481796265,0.01,11.529849100112916,5.1547456741333,1.870419921875
12.125665187835693,0.01,2.9784331917762756,2.2766000270843505,1.2303828125
